S_index,pattern_finder,induced_motifs,non_induced_motifs
1,0,0,0
2,0,0,0
3,0,0,0
4,0,0,0
5,0,0,0
6,0,0,0
7,0,0,0
8,0,0,0
9,0,0,0
10,0,0,0
11,0,0,0
12,0,1,1
13,0,1,1
14,0,0,0
15,0,1,1
16,1,0,0
17,0,0,0
18,0,0,0
19,1,1,1
20,0,0,0
21,0,1,1
22,1,1,1
23,0,1,1
24,0,0,0
25,0,0,0
26,0,1,1
27,0,1,1
28,0,0,0
29,0,0,0
30,0,0,0
31,0,1,1
32,1,1,1
33,0,1,1
34,0,0,0
35,0,1,1
36,0,0,0
37,0,0,0
38,0,1,1
39,0,0,0
40,0,0,0
41,0,1,1
42,0,1,1
43,0,1,1
44,1,1,1
45,0,0,0
46,0,0,0
47,0,0,0
48,0,0,0
49,1,1,1
50,0,1,1
51,0,1,1
52,0,1,1
53,0,1,1
54,1,0,0
55,1,1,1
56,0,1,1
57,0,1,1
58,0,0,0
59,1,1,1
60,0,0,0
61,0,0,0
62,0,1,1
63,0,0,0
64,0,1,1
65,0,0,0
66,0,1,1
67,0,1,1
68,0,1,1
69,1,1,1
70,0,0,0
71,0,1,1
72,0,0,0
73,0,0,0
74,1,1,1
75,0,1,1
76,0,1,1
77,0,0,0
78,0,0,0
79,0,0,0
80,0,0,0
81,0,1,1
82,0,0,0
83,0,1,1
84,0,1,1
85,0,0,0
86,0,1,1
87,0,0,0
88,1,0,0
89,0,0,0
90,0,0,0
91,0,1,1
92,1,1,1
93,1,1,1
94,0,0,0
95,0,0,0
96,1,0,0
97,0,1,1
98,0,1,1
99,0,1,1
100,0,0,0
101,0,0,0
102,0,1,1
103,0,1,1
104,1,1,1
105,0,0,0
106,1,0,0
107,1,0,0
108,0,1,1
109,0,0,0
110,0,0,0
111,0,1,1
112,1,1,1
113,0,0,0
114,0,1,1
115,0,0,0
116,1,0,0
117,0,0,0
118,0,0,0
119,0,1,1
120,0,1,1
121,0,1,1
122,1,1,1
123,1,1,1
124,0,0,0
125,0,1,1
126,0,1,1
127,0,1,1
128,0,1,1
129,0,0,0
130,0,1,1
131,0,0,0
132,0,1,1
133,0,0,0
134,1,0,0
135,1,1,1
136,0,1,1
137,0,0,0
138,0,1,1
139,0,1,1
140,0,0,0
141,0,1,1
142,0,0,0
143,0,1,1
144,0,1,1
145,0,1,1
146,0,0,0
147,0,0,0
148,0,1,1
149,1,0,0
150,0,0,0
151,0,0,0
152,0,0,0
153,0,0,0
154,0,1,1
155,0,1,1
156,0,1,1
157,0,1,1
158,0,0,0
159,0,0,0
160,0,1,1
161,0,1,1
162,0,0,0
163,0,1,1
164,0,1,1
165,0,0,0
166,0,0,0
167,0,1,1
168,0,0,0
169,0,0,0
170,0,0,0
171,0,0,0
172,0,0,0
173,0,0,0
174,1,1,1
175,0,1,1
176,0,1,1
177,0,1,1
178,1,1,1
179,1,1,1
180,0,0,0
181,0,1,1
182,1,0,0
183,0,1,1
184,0,0,0
185,0,1,1
186,0,0,0
187,0,1,1
188,0,0,0
189,0,1,1
190,1,1,1
191,0,0,0
192,0,0,0
193,0,1,1
194,0,1,1
195,0,0,0
196,1,0,0
197,0,0,0
198,0,1,1
199,0,1,1
200,0,0,0
201,0,1,1
202,1,1,1
203,0,1,1
204,0,1,1
205,0,1,1
206,0,1,1
207,0,0,0
208,0,1,1
209,1,0,0
210,0,1,1
211,1,1,1
212,1,0,0
213,0,1,1
214,0,0,0
215,1,1,1
216,0,1,1
217,0,1,1
218,0,1,1
219,0,0,0
220,0,0,0
221,0,0,0
222,0,1,1
223,1,0,0
224,0,0,0
225,0,0,0
226,0,0,0
227,0,1,1
228,1,0,0
229,0,1,1
230,1,1,1
231,0,1,1
232,0,1,1
233,0,1,1
234,0,1,1
235,0,0,0
236,0,1,1
237,0,1,1
238,1,1,1
239,0,1,1
240,0,0,0
241,0,0,0
242,0,1,1
243,0,0,0
244,0,0,0
245,0,1,1
246,0,0,0
247,0,0,0
248,1,1,1
249,0,0,0
250,1,0,0
251,0,1,1
252,1,0,0
253,0,1,1
254,0,1,1
255,1,1,1
256,0,1,1
257,0,0,0
258,0,1,1
259,0,0,0
260,1,0,0
261,1,0,0
262,0,0,0
263,0,1,1
264,0,0,0
265,0,0,0
266,0,1,1
267,0,1,1
268,0,1,1
269,0,1,1
270,1,1,1
271,0,1,1
272,0,0,0
273,0,1,1
274,0,1,1
275,0,0,0
276,0,1,1
277,0,1,1
278,1,0,0
279,0,0,0
280,0,1,1
281,1,1,1
282,0,1,1
283,0,1,1
284,0,0,0
285,0,1,0
286,1,0,0
287,0,1,1
288,0,1,1
289,1,1,1
290,0,0,0
291,0,0,0
292,0,0,0
293,1,1,1
294,1,1,1
295,0,0,0
296,0,1,1
297,0,0,0
298,0,0,0
299,0,1,1
300,0,1,1
301,0,1,1
302,0,0,0
303,1,1,1
304,0,1,1
305,0,1,1
306,0,1,1
307,0,0,0
308,0,1,1
309,0,0,0
310,0,0,0
311,1,0,0
312,0,1,1
313,0,0,0
314,0,1,1
315,1,0,0
316,0,1,1
317,0,0,0
318,0,1,1
319,0,1,1
320,0,1,1
321,0,0,0
322,0,1,1
323,1,1,1
324,1,1,1
325,0,1,1
326,0,0,0
327,0,1,1
328,0,0,0
329,0,0,0
330,0,0,0
331,0,1,1
332,0,1,1
333,0,0,0
334,1,1,1
335,0,0,0
336,0,0,0
337,0,1,1
338,0,1,1
339,1,0,0
340,0,0,0
341,0,1,1
342,1,1,1
343,0,0,0
344,0,1,1
345,1,0,0
346,0,0,0
347,1,1,1
348,0,0,0
349,0,1,1
350,0,0,0
351,0,1,1
352,0,1,1
353,0,0,0
354,0,1,1
355,0,0,0
356,0,0,0
357,0,1,1
358,0,0,0
359,0,1,1
360,0,0,0
361,0,0,0
362,0,1,1
363,0,0,0
364,0,0,0
365,0,0,0
366,0,1,1
367,0,1,1
368,0,1,1
369,0,1,1
370,1,0,0
371,0,0,0
372,0,1,1
373,0,1,1
374,0,0,0
375,0,1,1
376,0,0,0
377,1,0,0
378,1,1,1
379,0,0,0
380,0,1,1
381,0,0,0
382,0,1,1
383,0,1,1
384,1,1,1
385,1,1,1
386,0,1,1
387,0,1,1
388,1,1,1
389,1,1,1
390,0,0,0
391,0,1,1
392,0,1,1
393,0,1,1
394,0,1,1
395,1,0,0
396,0,1,1
397,0,0,0
398,0,0,0
399,0,1,1
400,0,1,0
401,0,1,1
402,0,1,1
403,1,1,1
404,1,0,0
405,0,0,0
406,1,1,1
407,1,0,0
408,1,0,0
409,0,0,0
410,0,1,1
411,0,0,0
412,1,1,1
413,0,1,1
414,0,1,1
415,0,1,1
416,0,1,1
417,0,1,1
418,0,0,0
419,0,0,0
420,0,0,0
421,0,1,1
422,0,0,0
423,0,0,0
424,0,1,1
425,0,1,1
426,0,1,1
427,1,0,0
428,0,0,0
429,1,0,0
430,0,0,0
431,0,1,1
432,0,1,1
433,0,1,1
434,0,1,1
435,1,0,0
436,1,0,0
437,0,0,0
438,0,1,1
439,1,0,0
440,0,0,0
441,1,0,0
442,0,0,0
443,0,1,1
444,1,1,1
445,0,0,0
446,0,0,0
447,0,0,0
448,1,1,1
449,0,0,0
450,1,1,1
451,0,0,0
452,0,0,0
453,0,0,0
454,0,0,0
455,0,0,0
456,1,1,1
457,0,1,1
458,0,1,1
459,0,0,0
460,0,1,1
461,0,1,1
462,0,0,0
463,0,0,0
464,0,1,1
465,1,1,1
466,0,0,0
467,0,0,0
468,0,0,0
469,0,1,1
470,0,0,0
471,0,1,1
472,0,1,1
473,0,0,0
474,0,0,0
475,0,0,0
476,0,1,1
477,0,0,0
478,0,0,0
479,0,1,1
480,0,1,1
481,0,1,1
482,0,1,1
483,0,0,0
484,0,1,1
485,0,1,1
486,0,1,1
487,0,0,0
488,0,0,0
489,0,0,0
490,0,0,0
491,0,1,1
492,0,1,1
493,0,1,1
494,1,1,1
495,1,1,1
496,1,0,0
497,0,1,1
498,0,1,1
499,0,1,1
500,0,0,0
501,0,1,1
502,0,0,0
503,0,0,0
504,0,1,1
505,0,1,1
506,0,0,0
507,1,1,1
508,1,0,0
509,1,1,1
510,0,1,1
511,0,1,1
512,1,0,0
513,0,0,0
514,0,1,1
515,1,0,0
516,0,0,0
517,1,1,1
518,0,0,0
519,0,0,0
520,0,0,0
521,0,0,0
522,0,1,1
523,0,1,1
524,1,1,1
525,0,1,1
526,0,0,0
527,1,0,0
528,1,1,1
529,0,1,1
530,0,0,0
531,1,0,0
532,0,1,1
533,0,0,0
534,0,1,1
535,0,1,1
536,0,0,0
537,0,1,1
538,1,0,0
539,1,0,0
540,0,1,1
541,1,1,1
542,0,1,1
543,0,1,1
544,1,1,1
545,0,1,1
546,0,1,1
547,0,1,1
548,0,1,1
549,0,1,1
550,0,1,1
551,0,0,0
552,0,1,1
553,0,1,1
554,0,1,1
555,0,1,1
556,0,0,0
557,0,0,0
558,0,0,0
559,0,0,0
560,0,0,0
561,0,0,0
562,0,1,1
563,0,0,0
564,0,1,1
565,0,0,0
566,1,1,1
567,0,1,1
568,0,1,1
569,0,1,1
570,0,1,1
571,1,0,0
572,0,1,1
573,0,1,1
574,0,1,1
575,0,1,1
576,0,1,1
577,0,1,1
578,0,0,0
579,0,1,1
580,0,1,1
581,1,0,0
582,0,0,0
583,0,0,0
584,0,0,0
585,1,1,1
586,1,0,0
587,0,1,1
588,0,0,0
589,0,1,1
590,0,0,0
591,0,1,1
592,0,1,1
593,0,0,0
594,0,0,0
595,1,1,1
596,0,0,0
597,0,1,1
598,1,1,1
599,1,1,1
600,1,1,1
601,0,0,0
602,1,1,1
603,0,1,1
604,0,1,1
605,0,1,1
606,0,0,0
607,0,0,0
608,0,0,0
609,1,1,1
610,0,1,1
611,0,0,0
612,0,0,0
613,1,0,0
614,0,1,1
615,0,1,1
616,0,0,0
617,1,0,0
618,1,0,0
619,1,0,0
620,0,1,1
621,0,1,1
622,0,1,1
623,0,1,1
624,0,0,0
625,0,1,1
626,0,1,1
627,0,1,1
628,0,1,1
629,0,1,1
630,0,1,1
631,0,1,1
632,0,1,1
633,0,0,0
634,0,1,1
635,0,1,1
636,0,0,0
637,0,1,1
638,0,0,0
639,0,1,1
640,0,1,1
641,0,0,0
642,0,0,0
643,0,1,1
644,1,1,1
645,0,0,0
646,0,0,0
647,0,0,0
648,0,0,0
649,0,1,1
650,0,1,1
651,0,0,0
652,0,0,0
653,1,1,1
654,0,1,1
655,1,1,1
656,0,0,0
657,0,1,1
658,0,1,1
659,0,1,1
660,1,1,1
661,0,0,0
662,0,1,1
663,0,1,1
664,1,1,1
665,0,0,0
666,0,0,0
667,0,1,1
668,1,1,1
669,0,1,1
670,0,0,0
671,0,1,1
672,0,1,1
673,1,1,1
674,0,0,0
675,0,1,1
676,0,0,0
677,0,1,1
678,0,1,1
679,0,0,0
680,0,0,0
681,0,0,0
682,0,1,1
683,1,1,1
684,0,0,0
685,0,0,0
686,0,0,0
687,0,0,0
688,1,1,1
689,0,1,1
690,0,1,1
691,0,0,0
692,1,1,1
693,0,1,1
694,0,0,0
695,0,0,0
696,0,0,0
697,0,1,1
698,1,0,0
699,1,1,1
700,0,1,1
701,1,1,1
702,0,1,1
703,0,1,1
704,0,1,1
705,0,0,0
706,0,1,1
707,0,0,0
708,0,0,0
709,1,0,0
710,0,1,1
711,0,0,0
712,0,0,0
713,0,0,0
714,0,0,0
715,1,0,0
716,0,0,0
717,1,0,0
718,0,0,0
719,0,1,1
720,0,1,1
721,1,1,1
722,0,0,0
723,1,1,1
724,0,1,1
725,0,1,1
726,0,1,1
727,0,1,1
728,1,1,1
729,1,0,0
730,0,1,1
731,0,0,0
732,0,1,1
733,0,1,1
734,1,1,1
735,0,1,1
736,0,1,1
737,0,1,1
738,0,0,0
739,0,1,1
740,0,1,1
741,0,1,1
742,0,1,1
743,1,1,1
744,0,1,1
745,0,0,0
746,0,1,1
747,0,1,1
748,0,1,1
749,1,1,1
750,0,0,0
751,0,1,1
752,0,0,0
753,0,1,1
754,0,1,1
755,0,0,0
756,0,1,1
757,0,0,0
758,0,1,1
759,1,1,1
760,0,0,0
761,1,0,0
762,0,1,1
763,0,0,0
764,0,0,0
765,0,0,0
766,0,0,0
767,0,0,0
768,0,0,0
769,0,0,0
770,0,1,1
771,0,0,0
772,1,1,1
773,0,1,1
774,1,1,1
775,0,1,1
776,1,1,1
777,0,1,1
778,1,1,1
779,0,1,1
780,0,1,1
781,1,1,1
782,0,1,1
783,1,1,1
784,1,1,1
785,0,0,0
786,0,1,1
787,0,0,0
788,0,1,1
789,0,1,1
790,0,1,1
791,0,1,1
792,0,0,0
793,0,1,1
794,0,0,0
795,0,1,1
796,1,0,0
797,0,1,1
798,0,0,0
799,0,0,0
800,0,1,1
801,0,1,1
802,0,1,1
803,0,1,1
804,0,1,1
805,0,1,1
806,0,1,1
807,0,0,0
808,1,1,1
809,0,1,1
810,0,1,1
811,0,1,1
812,0,0,0
813,0,1,1
814,0,1,1
815,0,1,1
816,0,1,1
817,0,1,1
818,0,0,0
819,0,0,0
820,0,0,0
821,0,1,1
822,0,1,1
823,1,1,1
824,0,1,1
825,0,1,1
826,0,1,1
827,1,0,0
828,0,0,0
829,0,0,0
830,1,0,0
831,1,1,1
832,0,0,0
833,0,1,1
834,0,0,0
835,0,0,0
836,0,0,0
837,1,1,1
838,0,1,1
839,1,1,1
840,0,1,1
841,0,1,1
842,0,1,1
843,0,0,0
844,0,0,0
845,0,1,1
846,0,1,1
847,0,0,0
848,1,1,1
849,0,0,0
850,0,1,1
851,1,1,1
852,0,1,1
853,0,1,1
854,0,0,0
855,0,0,0
856,0,0,0
857,1,0,0
858,0,1,1
859,0,1,1
860,0,1,1
861,0,0,0
862,1,0,0
863,0,0,0
864,0,0,0
865,0,1,1
866,0,0,0
867,0,1,1
868,0,1,1
869,0,1,1
870,1,1,1
871,0,1,1
872,0,0,0
873,0,0,0
874,1,1,1
875,0,0,0
876,0,1,0
877,1,0,0
878,0,1,1
879,0,1,1
880,0,0,0
881,0,0,0
882,1,0,0
883,0,1,1
884,0,1,1
885,0,1,1
886,0,1,1
887,0,0,0
888,0,1,1
889,0,1,1
890,1,0,0
891,0,0,0
892,1,1,1
893,0,0,0
894,1,1,1
895,0,0,0
896,1,1,1
897,0,0,0
898,0,1,1
899,0,0,0
900,0,1,1
901,0,0,0
902,0,1,1
903,1,1,1
904,0,1,1
905,0,0,0
906,1,1,1
907,1,1,1
908,1,0,0
909,0,0,0
910,0,0,0
911,0,0,0
912,0,1,1
913,0,1,1
914,0,0,0
915,0,0,0
916,0,1,1
917,0,1,1
918,0,1,1
919,0,1,1
920,0,1,1
921,0,0,0
922,0,0,0
923,0,1,1
924,1,1,1
925,0,0,0
926,1,1,1
927,0,1,1
928,0,1,1
929,0,0,0
930,0,1,1
931,0,0,0
932,0,1,0
933,0,0,0
934,0,0,0
935,0,1,1
936,0,1,1
937,1,1,1
938,1,1,1
939,1,1,1
940,0,1,1
941,0,1,1
942,0,0,0
943,0,1,1
944,0,0,0
945,1,1,1
946,0,0,0
947,1,1,1
948,0,0,0
949,0,1,1
950,0,0,0
951,0,1,1
952,0,1,1
953,0,0,0
954,1,0,0
955,1,0,0
956,1,1,1
957,0,1,1
958,0,1,0
959,0,0,0
960,0,0,0
961,1,1,1
962,0,1,1
963,0,0,0
964,1,1,1
965,0,1,1
966,0,1,1
967,0,0,0
968,1,1,1
969,0,1,1
970,0,0,0
971,0,1,1
972,1,0,0
973,0,0,0
974,0,0,0
975,0,0,0
976,0,0,0
977,0,1,1
978,0,1,1
979,0,0,0
980,0,1,1
981,0,1,1
982,0,1,1
983,0,1,1
984,0,1,1
985,0,1,1
986,0,0,0
987,0,1,1
988,0,1,0
989,0,0,0
990,1,1,1
991,0,1,1
992,0,1,1
993,0,1,1
994,0,1,1
995,0,0,0
996,0,0,0
997,0,1,1
998,1,0,0
999,0,0,0
1000,0,0,0
