S_index,pattern_finder,non_induced_motifs
1,0,0
2,0,0
3,0,0
4,0,0
5,0,0
6,0,0
7,0,0
8,0,0
9,0,0
10,0,0
11,0,1
12,0,1
13,1,1
14,1,1
15,0,1
16,1,1
17,0,1
18,0,1
19,1,1
20,0,1
21,0,1
22,1,1
23,1,1
24,1,1
25,1,1
26,0,1
27,0,1
28,0,1
29,0,1
30,0,1
31,0,1
32,1,1
33,1,1
34,0,1
35,0,1
36,0,1
37,1,1
38,0,1
39,1,1
40,0,1
41,0,1
42,1,1
43,1,1
44,1,1
45,1,1
46,0,1
47,1,1
48,1,1
49,1,1
50,0,1
51,1,1
52,1,1
53,0,1
54,1,1
55,1,1
56,0,1
57,1,1
58,1,1
59,0,1
60,1,1
61,1,1
62,0,1
63,0,1
64,0,1
65,0,1
66,1,1
67,1,1
68,1,1
69,1,1
70,1,1
71,1,1
72,0,1
73,0,1
74,1,1
75,0,1
76,1,1
77,0,1
78,0,1
79,1,1
80,1,1
81,0,1
82,0,1
83,0,1
84,0,1
85,1,1
86,0,1
87,1,1
88,1,1
89,1,1
90,0,1
91,0,1
92,1,1
93,1,1
94,1,1
95,1,1
96,1,1
97,1,1
98,1,1
99,1,1
100,0,1
101,0,1
102,0,1
103,0,1
104,1,1
105,0,1
106,1,1
107,1,1
108,1,1
109,0,1
110,1,1
111,1,1
112,1,1
113,0,1
114,0,1
115,1,1
116,1,1
117,0,1
118,1,1
119,0,1
120,0,1
121,0,1
122,1,1
123,1,1
124,0,1
125,0,1
126,0,1
127,0,1
128,0,1
129,0,1
130,1,1
131,1,1
132,1,1
133,0,1
134,1,1
135,1,1
136,0,1
137,0,1
138,0,1
139,0,1
140,1,1
141,0,1
142,1,1
143,0,1
144,0,1
145,0,1
146,0,1
147,1,1
148,0,1
149,1,1
150,0,1
151,0,1
152,0,1
153,0,1
154,0,1
155,0,1
156,0,1
157,0,1
158,0,1
159,0,1
160,1,1
161,1,1
162,0,1
163,0,1
164,1,1
165,0,1
166,0,1
167,1,1
168,0,1
169,0,1
170,1,1
171,0,1
172,1,1
173,1,1
174,1,1
175,0,1
176,0,1
177,0,1
178,1,1
179,1,1
180,1,1
181,0,1
182,1,1
183,0,1
184,1,1
185,0,1
186,1,1
187,0,1
188,1,1
189,1,1
190,1,1
191,0,1
192,0,1
193,0,1
194,0,1
195,1,1
196,0,1
197,1,1
198,0,1
199,0,1
200,0,1
201,0,1
202,1,1
203,1,1
204,0,1
205,1,1
206,1,1
207,0,1
208,0,1
209,1,1
210,0,1
211,1,1
212,1,1
213,0,1
214,0,1
215,1,1
216,1,1
217,0,1
218,0,1
219,0,1
220,0,1
221,0,1
222,0,1
223,1,1
224,0,1
225,0,1
226,0,1
227,1,1
228,1,1
229,0,1
230,1,1
231,0,1
232,0,1
233,0,1
234,0,1
235,1,1
236,1,1
237,1,1
238,1,1
239,0,1
240,1,1
241,0,1
242,0,1
243,0,1
244,0,1
245,0,1
246,0,1
247,0,1
248,1,1
249,0,1
250,1,1
251,1,1
252,1,1
253,0,1
254,0,1
255,1,1
256,1,1
257,1,1
258,0,1
259,0,1
260,1,1
261,1,1
262,0,1
263,0,1
264,1,1
265,0,1
266,0,1
267,1,1
268,0,1
269,1,1
270,1,1
271,0,1
272,0,1
273,0,1
274,0,1
275,1,1
276,0,1
277,0,1
278,1,1
279,1,1
280,1,1
281,1,1
282,0,1
283,1,1
284,1,1
285,1,1
286,1,1
287,0,1
288,0,1
289,1,1
290,0,1
291,0,1
292,1,1
293,1,1
294,1,1
295,1,1
296,0,1
297,0,1
298,0,1
299,0,1
300,0,1
301,0,1
302,0,1
303,1,1
304,0,1
305,0,1
306,0,1
307,1,1
308,0,1
309,0,1
310,0,1
311,1,1
312,0,1
313,0,1
314,1,1
315,1,1
316,0,1
317,1,1
318,1,1
319,0,1
320,0,1
321,0,1
322,0,1
323,1,1
324,1,1
325,0,1
326,0,1
327,0,1
328,0,1
329,1,1
330,0,1
331,1,1
332,0,1
333,1,1
334,1,1
335,1,1
336,0,1
337,0,1
338,1,1
339,1,1
340,1,1
341,1,1
342,1,1
343,0,1
344,0,1
345,1,1
346,0,1
347,1,1
348,1,1
349,1,1
350,1,1
351,0,1
352,0,1
353,0,1
354,1,1
355,1,1
356,0,1
357,0,1
358,0,1
359,1,1
360,0,1
361,0,1
362,1,1
363,0,1
364,0,1
365,0,1
366,1,1
367,0,1
368,1,1
369,0,1
370,1,1
371,0,1
372,0,1
373,0,1
374,0,1
375,0,1
376,0,1
377,1,1
378,1,1
379,0,1
380,0,1
381,1,1
382,1,1
383,0,1
384,1,1
385,1,1
386,0,1
387,0,1
388,1,1
389,1,1
390,0,1
391,0,1
392,1,1
393,1,1
394,1,1
395,1,1
396,1,1
397,0,1
398,0,1
399,0,1
400,0,1
401,0,1
402,0,1
403,1,1
404,1,1
405,1,1
406,1,1
407,1,1
408,1,1
409,1,1
410,0,1
411,0,1
412,1,1
413,0,1
414,0,1
415,1,1
416,1,1
417,0,1
418,0,1
419,1,1
420,0,1
421,1,1
422,0,1
423,0,1
424,0,1
425,0,1
426,0,1
427,1,1
428,0,1
429,1,1
430,1,1
431,0,1
432,0,1
433,0,1
434,0,1
435,1,1
436,1,1
437,1,1
438,1,1
439,1,1
440,0,1
441,1,1
442,0,1
443,0,1
444,1,1
445,0,1
446,1,1
447,1,1
448,1,1
449,1,1
450,1,1
451,0,1
452,0,1
453,0,1
454,0,1
455,0,1
456,1,1
457,1,1
458,0,1
459,0,1
460,0,1
461,1,1
462,1,1
463,0,1
464,0,1
465,1,1
466,0,1
467,0,1
468,0,1
469,1,1
470,0,1
471,1,1
472,0,1
473,0,1
474,0,1
475,1,1
476,1,1
477,1,1
478,0,1
479,0,1
480,1,1
481,0,1
482,0,1
483,1,1
484,0,1
485,1,1
486,0,1
487,0,1
488,1,1
489,0,1
490,0,1
491,1,1
492,0,1
493,1,1
494,1,1
495,1,1
496,1,1
497,1,1
498,1,1
499,0,1
500,0,1
501,0,1
502,1,1
503,1,1
504,1,1
505,0,1
506,0,1
507,0,1
508,1,1
509,1,1
510,0,1
511,0,1
512,1,1
513,1,1
514,0,1
515,1,1
516,0,1
517,1,1
518,0,1
519,0,1
520,0,1
521,0,1
522,0,1
523,0,1
524,1,1
525,0,1
526,1,1
527,1,1
528,1,1
529,0,1
530,1,1
531,1,1
532,1,1
533,1,1
534,0,1
535,0,1
536,0,1
537,0,1
538,1,1
539,0,1
540,1,1
541,1,1
542,0,1
543,1,1
544,1,1
545,0,1
546,1,1
547,0,1
548,0,1
549,0,1
550,0,1
551,0,1
552,0,1
553,0,1
554,0,1
555,1,1
556,1,1
557,1,1
558,0,1
559,0,1
560,0,1
561,0,1
562,1,1
563,0,1
564,0,1
565,0,1
566,1,1
567,0,1
568,0,1
569,1,1
570,0,1
571,1,1
572,0,1
573,1,1
574,1,1
575,0,1
576,0,1
577,1,1
578,0,1
579,0,1
580,0,1
581,1,1
582,0,1
583,0,1
584,0,1
585,1,1
586,1,1
587,0,1
588,0,1
589,1,1
590,1,1
591,1,1
592,1,1
593,1,1
594,0,1
595,1,1
596,1,1
597,0,1
598,1,1
599,0,1
600,1,1
601,0,1
602,1,1
603,1,1
604,1,1
605,0,1
606,1,1
607,1,1
608,1,1
609,1,1
610,0,1
611,0,1
612,1,1
613,1,1
614,0,1
615,0,1
616,0,1
617,1,1
618,1,1
619,1,1
620,0,1
621,1,1
622,0,1
623,0,1
624,0,1
625,0,1
626,0,1
627,0,1
628,0,1
629,0,1
630,0,1
631,1,1
632,0,1
633,0,1
634,0,1
635,1,1
636,0,1
637,0,1
638,1,1
639,1,1
640,0,1
641,1,1
642,0,1
643,0,1
644,1,1
645,1,1
646,0,1
647,0,1
648,0,1
649,0,1
650,0,1
651,1,1
652,1,1
653,1,1
654,1,1
655,1,1
656,0,1
657,0,1
658,0,1
659,0,1
660,1,1
661,0,1
662,1,1
663,0,1
664,1,1
665,0,1
666,1,1
667,0,1
668,1,1
669,1,1
670,1,1
671,1,1
672,0,1
673,1,1
674,0,1
675,0,1
676,0,1
677,0,1
678,0,1
679,1,1
680,1,1
681,0,1
682,0,1
683,1,1
684,0,1
685,0,1
686,1,1
687,0,1
688,1,1
689,1,1
690,0,1
691,0,1
692,1,1
693,0,1
694,1,1
695,0,1
696,0,1
697,0,1
698,1,1
699,1,1
700,1,1
701,1,1
702,0,1
703,0,1
704,0,1
705,1,1
706,0,1
707,0,1
708,0,1
709,1,1
710,0,1
711,1,1
712,1,1
713,0,1
714,0,1
715,1,1
716,1,1
717,1,1
718,0,1
719,0,1
720,0,1
721,1,1
722,0,1
723,1,1
724,0,1
725,1,1
726,1,1
727,0,1
728,1,1
729,1,1
730,0,1
731,0,1
732,0,1
733,0,1
734,1,1
735,1,1
736,0,1
737,1,1
738,1,1
739,1,1
740,0,1
741,0,1
742,0,1
743,1,1
744,1,1
745,0,1
746,0,1
747,0,1
748,0,1
749,1,1
750,0,1
751,0,1
752,0,1
753,0,1
754,0,1
755,0,1
756,0,1
757,0,1
758,0,1
759,1,1
760,0,1
761,1,1
762,0,1
763,0,1
764,0,1
765,0,1
766,0,1
767,0,1
768,0,1
769,0,1
770,0,1
771,1,1
772,1,1
773,0,1
774,0,1
775,0,1
776,1,1
777,1,1
778,1,1
779,0,1
780,0,1
781,1,1
782,0,1
783,1,1
784,1,1
785,1,1
786,0,1
787,0,1
788,0,1
789,0,1
790,0,1
791,1,1
792,0,1
793,1,1
794,0,1
795,0,1
796,1,1
797,0,1
798,0,1
799,0,1
800,0,1
801,1,1
802,0,1
803,0,1
804,0,1
805,0,1
806,0,1
807,1,1
808,1,1
809,0,1
810,1,1
811,0,1
812,0,1
813,0,1
814,0,1
815,0,1
816,1,1
817,0,1
818,0,1
819,0,1
820,0,1
821,0,1
822,0,1
823,1,1
824,1,1
825,0,1
826,0,1
827,1,1
828,1,1
829,0,1
830,1,1
831,1,1
832,0,1
833,1,1
834,1,1
835,1,1
836,0,1
837,1,1
838,1,1
839,1,1
840,1,1
841,0,1
842,1,1
843,0,1
844,0,1
845,0,1
846,1,1
847,0,1
848,1,1
849,1,1
850,0,1
851,1,1
852,1,1
853,0,1
854,0,1
855,1,1
856,0,1
857,1,1
858,0,1
859,1,1
860,1,1
861,0,1
862,1,1
863,1,1
864,0,1
865,1,1
866,0,1
867,1,1
868,0,1
869,0,1
870,0,1
871,0,1
872,1,1
873,0,1
874,1,1
875,1,1
876,1,1
877,1,1
878,0,1
879,1,1
880,0,1
881,0,1
882,1,1
883,0,1
884,0,1
885,0,1
886,0,1
887,0,1
888,0,1
889,0,1
890,1,1
891,0,1
892,0,1
893,0,1
894,1,1
895,1,1
896,1,1
897,0,1
898,0,1
899,0,1
900,1,1
901,0,1
902,1,1
903,1,1
904,0,1
905,1,1
906,1,1
907,1,1
908,1,1
909,1,1
910,0,1
911,1,1
912,0,1
913,0,1
914,0,1
915,0,1
916,0,1
917,1,1
918,1,1
919,0,1
920,0,1
921,1,1
922,0,1
923,0,1
924,1,1
925,1,1
926,1,1
927,0,1
928,1,1
929,0,1
930,0,1
931,0,1
932,0,1
933,0,1
934,0,1
935,1,1
936,1,1
937,1,1
938,1,1
939,1,1
940,1,1
941,0,1
942,0,1
943,1,1
944,0,1
945,1,1
946,1,1
947,1,1
948,0,1
949,0,1
950,1,1
951,0,1
952,0,1
953,1,1
954,1,1
955,0,1
956,1,1
957,0,1
958,0,1
959,1,1
960,1,1
961,1,1
962,1,1
963,0,1
964,1,1
965,0,1
966,0,1
967,0,1
968,1,1
969,1,1
970,1,1
971,1,1
972,0,1
973,1,1
974,1,1
975,1,1
976,1,1
977,0,1
978,1,1
979,0,1
980,1,1
981,1,1
982,1,1
983,0,1
984,1,1
985,0,1
986,0,1
987,0,1
988,0,1
989,0,1
990,1,1
991,1,1
992,1,1
993,1,1
994,1,1
995,0,1
996,1,1
997,0,1
998,1,1
999,0,1
1000,1,1
